song_name;artist(s)_name;streams;released_year;contract
Seven (feat. Latto) (Explicit Ver.);Latto, Jung Kook;141381703;2023;Unknown
LALA;Myke Towers;133716286;2023;Unknown
vampire;Olivia Rodrigo;140003974;2023;Geffen Records
Cruel Summer;Taylor Swift;800840817;2019;Universal Music Group
WHERE SHE GOES;Bad Bunny;303236322;2023;Rimas Entertainment
Sprinter;Dave, Central Cee;183706234;2023;Unknown
Ella Baila Sola;Eslabon Armado, Peso Pluma;725980112;2023;Unknown
Columbia;Quevedo;58149378;2023;Unknown
fukumean;Gunna;95217315;2023;Unknown
La Bebe - Remix;Peso Pluma, Yng Lvcas;553634067;2023;Unknown
un x100to;Bad Bunny, Grupo Frontera;505671438;2023;Unknown
Super Shy;NewJeans;58255150;2023;Unknown
Flowers;Miley Cyrus;1316855716;2023;RCA Records
Daylight;David Kushner;387570742;2023;Unknown
As It Was;Harry Styles;2513188493;2022;Columbia Records
Kill Bill;SZA;1163093654;2022;Top Dawg Entertainment
Cupid - Twin Ver.;Fifty Fifty;496795686;2023;Unknown
"What Was I Made For? [From The Motion Picture ""Barbie""]";Billie Eilish;30546883;2023;Interscope Records
Classy 101;Feid, Young Miko;335222234;2023;Unknown
Like Crazy;Jimin;363369738;2023;Unknown
LADY GAGA;Gabito Ballesteros, Junior H, Peso Pluma;86444842;2023;Unknown
I Can See You (Taylorï¿½ï¿½ï¿½s Version) (From The;Taylor Swift;52135248;2023;Universal Music Group
I Wanna Be Yours;Arctic Monkeys;1297026226;2013;Domino Recording Company
Peso Pluma: Bzrp Music Sessions, Vol. 55;Bizarrap, Peso Pluma;200647221;2023;Unknown
Popular (with Playboi Carti & Madonna) - The Idol Vol. 1 (Music from the HBO Original Series);The Weeknd, Madonna, Playboi Carti;115364561;2023;Unknown
SABOR FRESA;Fuerza Regida;78300654;2023;Unknown
Calm Down (with Selena Gomez);Rï¿½ï¿½ma, Selena G;899183384;2022;Unknown
MOJABI GHOST;Tainy, Bad Bunny;61245289;2023;Unknown
Last Night;Morgan Wallen;429829812;2023;Unknown
Dance The Night (From Barbie The Album);Dua Lipa;127408954;2023;Warner Records
Rush;Troye Sivan;22581161;2023;Unknown
TULUM;Peso Pluma, Grupo Frontera;52294266;2023;Unknown
Creepin';The Weeknd, 21 Savage, Metro Boomin;843957510;2022;Unknown
Anti-Hero;Taylor Swift;999748277;2022;Universal Music Group
TQG;Karol G, Shakira;618990393;2023;Unknown
Los del Espacio;Big One, Duki, Lit Killah, Maria Becerra, FMK, Rusherking, Emilia, Tiago pzk;123122413;2023;Unknown
Frï¿½ï¿½gil (feat. Grupo Front;Yahritza Y Su Esencia, Grupo Frontera;188933502;2023;Unknown
Blank Space;Taylor Swift;1355959075;2014;Universal Music Group
Style;Taylor Swift;786181836;2014;Universal Music Group
TQM;Fuerza Regida;176553476;2023;Unknown
El Azul;Junior H, Peso Pluma;354495408;2023;Unknown
Sunflower - Spider-Man: Into the Spider-Verse;Post Malone, Swae Lee;2808096550;2018;Columbia Records
I'm Good (Blue);Bebe Rexha, David Guetta;1109433169;2022;Unknown
See You Again;Tyler, The Creator, Kali Uchis;1047101291;2017;Unknown
Barbie World (with Aqua) [From Barbie The Album];Nicki Minaj, Aqua, Ice Spice;65156199;2023;Unknown
Angels Like You;Miley Cyrus;570515054;2020;RCA Records
I Ain't Worried;OneRepublic;1085685420;2022;Unknown
Die For You;The Weeknd;1647990401;2016;Republic Records
Starboy;The Weeknd, Daft Punk;2565529693;2016;Republic Records
Die For You - Remix;Ariana Grande, The Weeknd;518745108;2023;Unknown
El Cielo;Feid, Myke Towers, Sky Rompiendo;107753850;2023;Unknown
Baby Don't Hurt Me;David Guetta, Anne-Marie, Coi Leray;177740666;2023;Unknown
AMARGURA;Karol G;153372011;2023;Unknown
(It Goes Like) Nanana - Edit;Peggy Gou;57876440;2023;Unknown
Another Love;Tom Odell;1813673666;2012;Unknown
Blinding Lights;The Weeknd;3703895074;2019;Republic Records
Moonlight;Kali Uchis;256483385;2023;Unknown
La Bachata;Manuel Turizo;1214083358;2022;Unknown
S91;Karol G;16011326;2023;Unknown
cardigan;Taylor Swift;812019557;2020;Universal Music Group
Tï¿½ï¿;dennis, MC Kevin o Chris;111947664;2023;Unknown
Boy's a liar Pt. 2;PinkPantheress, Ice Spice;156338624;2023;Unknown
Left and Right (Feat. Jung Kook of BTS);Charlie Puth, BTS, Jung Kook;720434240;2022;Unknown
BESO;Rauw Alejandro, ROSALï¿½;357925728;2023;Unknown
Hey Mor;Ozuna, Feid;674072710;2022;Unknown
Yellow;Chris Molitor;1755214421;1999;Unknown
Karma;Taylor Swift;404562836;2022;Universal Music Group
People;Libianca;373199958;2022;Unknown
Overdrive;Post Malone;14780425;2023;Republic Records
Enchanted (Taylor's Version);Taylor Swift;39578178;2023;Universal Music Group
BABY HELLO;Rauw Alejandro, Bizarrap;54266102;2023;Unknown
Heat Waves;Glass Animals;2557975762;2020;Polydor Records
golden hour;JVKE;751134527;2022;Unknown
Sweater Weather;The Neighbourhood;2282771485;2012;Columbia Records
Quevedo: Bzrp Music Sessions, Vol. 52;Bizarrap, Quevedo;1356565093;2022;Unknown
Viva La Vida;Coldplay;1592909789;2008;Unknown
Here With Me;d4vd;635412045;2022;Unknown
Unholy (feat. Kim Petras);Sam Smith, Kim Petras;1230675890;2022;Unknown
Yandel 150;Yandel, Feid;585695368;2022;Unknown
CORAZï¿½ï¿½N VA;Maria Becerra;43857627;2023;Unknown
Riptide;Vance Joy;2009094673;1975;Unknown
Until I Found You (with Em Beihold) - Em Beihold Version;Em Beihold, Stephen Sanchez;600976848;2022;Unknown
Novidade na ï¿½ï¿;Mc Livinho, DJ Matt D;39709092;2023;Unknown
Back To December (Taylor's Version);Taylor Swift;39228929;2023;Universal Music Group
STAY (with Justin Bieber);Justin Bieber, The Kid Laroi;2665343922;2021;Def Jam Recordings
El Merengue;Marshmello, Manuel Turizo;223633238;2023;Unknown
Someone You Loved;Lewis Capaldi;2887241814;2018;Vertigo Berlin
Me Porto Bonito;Chencho Corleone, Bad Bunny;1440757818;2022;Unknown
Makeba;Jain;165484133;2015;Unknown
MONTAGEM - FR PUNK;Ayparia, unxbected;58054811;2012;Unknown
Fast Car;Luke Combs;157058870;2023;Unknown
What It Is (Solo Version);Doechii;95131998;2023;Unknown
Coco Chanel;Bad Bunny, Eladio Carrion;250305248;2023;Unknown
Donï¿½ï¿½ï¿½t Bl;Taylor Swift;685032533;2017;Universal Music Group
Still With You;Jung Kook;38411956;2020;Unknown
All My Life (feat. J. Cole);J. Cole, Lil Durk;144565150;2023;Unknown
Say Yes To Heaven;Lana Del Rey;127567540;2023;Unknown
Snooze;SZA;399686758;2022;Top Dawg Entertainment
Summertime Sadness;Lana Del Rey;983637508;2011;Unknown
Take Two;BTS;118482347;2023;Unknown
Lover;Taylor Swift;882831184;2012;Universal Music Group
Too Many Nights (feat. Don Toliver & with Future);Future, Metro Boomin, Don Toliver;286400165;2022;Unknown
Chemical;Post Malone;172825906;2023;Republic Records
Mockingbird;Eminem;1241559043;2004;Unknown
New Jeans;NewJeans;29562220;2023;Unknown
Primera Cita;Carin Leon;77309611;2022;Unknown
Cold Heart - PNAU Remix;Dua Lipa, Elton John, Pnau;1605224506;2017;Unknown
Dandelions;Ruth B.;1116995633;2017;Unknown
Bones;Imagine Dragons;838079900;2021;Interscope Records
Set Fire to the Rain;Adele;1163620694;2011;Unknown
Money Trees;Kendrick Lamar, Jay Rock;1093605526;2012;Unknown
Tak Segampang Itu;Anggi Marito;179659294;2022;Unknown
LAGUNAS;Jasiel Nuï¿½ï¿½ez, Peso P;39058561;2023;Unknown
Mine (Taylor's Version);Taylor Swift;36912123;2023;Universal Music Group
Everybody Wants To Rule The World;Tears For Fears;1205951614;1985;Unknown
No Role Modelz;J. Cole;1791000570;2014;Unknown
Tattoo;Loreen;201660859;2023;Unknown
Rara Vez;Taiu, Milo j;248088961;2023;Unknown
VAGABUNDO;Sebastian Yatra, Manuel Turizo, Beï¿½ï;90839753;2023;Unknown
august;Taylor Swift;607123776;2020;Universal Music Group
LUNA;Junior H, Peso Pluma;55842345;2023;Unknown
Miracle (with Ellie Goulding);Calvin Harris, Ellie Goulding;211050784;2023;Unknown
Nonsense;Sabrina Carpenter;342897938;2022;Unknown
Que Vuelvas;Carin Leon, Grupo Frontera;2762;2022;Unknown
Por las Noches;Peso Pluma;330346424;2021;Unknown
Feliz Cumpleaï¿½ï¿½os Fe;Feid;601863821;2022;Unknown
Can't Hold Us (feat. Ray Dalton);Ray Dalton, Ryan Lewis, Macklemore;1953533826;2011;Unknown
Watermelon Sugar;Harry Styles;2322580122;2019;Columbia Records
lovely - Bonus Track;Billie Eilish, Khalid;2355719893;2017;Universal Music Group
Rauw Alejandro: Bzrp Music Sessions, Vol. 56;Rauw Alejandro, Bizarrap;66902503;2023;Unknown
Queencard;(G)I-DLE;96273746;2023;Unknown
OMG;NewJeans;430977451;2023;Unknown
Radio;Lana Del Rey;284819874;2011;Unknown
Shakira: Bzrp Music Sessions, Vol. 53;Shakira, Bizarrap;721975598;2023;Unknown
505;Arctic Monkeys;1217120710;2007;Domino Recording Company
Calling (Spider-Man: Across the Spider-Verse) (Metro Boomin & Swae Lee, NAV, feat. A Boogie Wit da Hoodie);Swae Lee, A Boogie Wit da Hoodie, Metro Boomin, NAV;109276132;2023;Unknown
Trance (with Travis Scott & Young Thug);Travis Scott, Young Thug, Metro Boomin;276259178;2022;Unknown
"Tere Vaaste (From ""Zara Hatke Zara Bachke"")";Sachin-Jigar, Shadab Faridi, Altamash Faridi, Amitabh Bhattacharya, Varun Jain;54225632;2023;Unknown
Perfect;Ed Sheeran;2559529074;2017;Atlantic Records
Romantic Homicide;d4vd;681583126;2022;Unknown
Believer;Imagine Dragons;2594040133;2017;Interscope Records
Novo Balanï¿½;Veigh, Bvga Beatz, Supernova Ent, Prod Malax;81102253;2023;Unknown
Gol Bolinha, Gol Quadrado 2;Mc Pedrinho, DJ 900;11956641;2023;Unknown
Without Me;Eminem;1687664027;2002;Unknown
QUEMA;Sog, Ryan Castro, Peso Pluma;11599388;2023;Unknown
Stargirl Interlude;The Weeknd, Lana Del Rey;611700552;2016;Unknown
Ojitos Lindos;Bomba Estï¿½ï¿½reo, Bad B;1133865788;2022;Unknown
Somewhere Only We Know;Keane;1089402494;2004;Unknown
Those Eyes;New West;411747614;2019;Unknown
El Gordo Trae El Mando;Chino Pacas;255932395;2023;Unknown
Mi Bello Angel;Natanael Cano;31873544;2023;Unknown
Bye;Peso Pluma;95053634;2023;Unknown
Danza Kuduro;Don Omar, Lucenzo;1279434863;2010;Unknown
Nosso Quadro;Ana Castela, AgroPlay;233801632;2023;Unknown
Locked Out Of Heaven;Bruno Mars;1481349984;2012;Unknown
Un Finde | CROSSOVER #2;Big One, FMK, Ke personajes;142095275;2023;Unknown
Jimmy Cooks (feat. 21 Savage);Drake, 21 Savage;618885532;2022;Unknown
Counting Stars;OneRepublic;2011464183;2013;Unknown
Ghost;Justin Bieber;1167330737;2021;Def Jam Recordings
Under The Influence;Chris Brown;929964809;2019;Unknown
PRC;Natanael Cano, Peso Pluma;436027885;2023;Unknown
Gasolina;Daddy Yankee;657723613;2004;Unknown
One Dance;Drake, WizKid, Kyla;2713922350;2016;Universal Music Group
Enchanted;Taylor Swift;621660989;2010;Universal Music Group
Save Your Tears;The Weeknd;1591223784;2020;Republic Records
Sure Thing;Miguel;950906471;2010;Unknown
Every Breath You Take - Remastered 2003;The Police;1593270737;1983;Unknown
The Night We Met;Lord Huron;1410088830;2015;Unknown
We Found Love;Rihanna, Calvin Harris;1235005533;2011;Unknown
When I Was Your Man;Bruno Mars;1661187319;2012;Unknown
Let Me Down Slowly;Alec Benjamin;1374581173;2018;Unknown
Am I Dreaming (Metro Boomin & A$AP Rocky, Roisee);A$AP Rocky, Metro Boomin, Roisee;94186466;2023;Unknown
Do I Wanna Know?;Arctic Monkeys;1788326445;2013;Domino Recording Company
Demons;Imagine Dragons;1840364617;2012;Interscope Records
ýýýýýýýýýýýý;YOASOBI;143573775;2023;Unknown
Reminder;The Weeknd;684675814;2016;Republic Records
Shake It Off;Taylor Swift;1113838873;2014;Universal Music Group
Why'd You Only Call Me When You're High?;Arctic Monkeys;1267333350;2013;Domino Recording Company
SNAP;Rosa Linn;726307468;2022;Unknown
Shape of You;Ed Sheeran;3562543890;2017;Atlantic Records
Night Changes;One Direction;1131090940;2014;Unknown
Fin de Semana;Oscar Maydon, Junior H;307370144;2023;Unknown
Creep;Radiohead;1271293243;1992;Unknown
Car's Outside;James Arthur;265882712;2019;Columbia Records
Apocalypse;Cigarettes After Sex;841749534;2017;Unknown
Cheques;Shubh;47956378;2023;Unknown
Pink + White;Frank Ocean;806397070;2016;Unknown
Circles;Post Malone;2132335812;2019;Republic Records
Just The Way You Are;Bruno Mars;1641426668;2010;Unknown
Take Me To Church;Hozier;2135158446;2013;Unknown
Bebe Dame;Fuerza Regida, Grupo Frontera;367316268;2022;Unknown
You Belong With Me (Taylorï¿½ï¿½ï¿½s Ve;Taylor Swift;350381515;2021;Universal Music Group
Titi Me Preguntï¿;Bad Bunny;1264310836;2022;Rimas Entertainment
Better Than Revenge (Taylor's Version);Taylor Swift;30343206;2023;Universal Music Group
Shut up My Moms Calling;Hotel Ugly;405136812;2020;Unknown
Have You Ever Seen The Rain?;Creedence Clearwater Revival;1145727611;1968;Unknown
Es un Secreto;Plan B;540654286;2010;Unknown
POLARIS - Remix;Feid, Mora, Saiko, Quevedo;57312735;2023;Unknown
Ditto;NewJeans;397582059;2022;Unknown
Take On Me;a-ha;1479115056;1984;Unknown
Annihilate (Spider-Man: Across the Spider-Verse) (Metro Boomin & Swae Lee, Lil Wayne, Offset);Swae Lee, Lil Wayne, Offset, Metro Boomin;86773632;2023;Unknown
Angel Pt 1 (feat. Jimin of BTS, JVKE & Muni Long);Kodak Black, NLE Choppa, Muni Long, JVKE, Jimin;133753727;2023;Unknown
Acrï¿½ï¿½s;Shakira;123124076;2023;Unknown
AMG;Natanael Cano, Gabito Ballesteros, Peso Pluma;463564958;2022;Unknown
"Phir Aur Kya Chahiye (From ""Zara Hatke Zara Bachke"")";Arijit Singh, Sachin-Jigar, Amitabha Bhattacharya;64533040;2023;Unknown
S-Class;Stray Kids;65496046;2023;Unknown
Hits Different;Taylor Swift;68616963;2023;Universal Music Group
Chanel;Becky G, Peso Pluma;161460990;2023;Unknown
Self Love (Spider-Man: Across the Spider-Verse) (Metro Boomin & Coi Leray);Metro Boomin, Coi Leray;70106975;2023;Unknown
Area Codes;Kaliii, Kaliii;113509496;2023;Unknown
Abcdario;Junior H, Eden Muï¿½ï;89933133;2023;Unknown
Obsessed;Abhijay Sharma, Riar Saab;71007139;2022;Unknown
Piï¿½ï¿½man Deï¿;Semicenk, Doï¿½ï¿½u ;43522589;2023;Unknown
FLOWER;JISOO;232896922;2023;Unknown
All The Way Live (Spider-Man: Across the Spider-Verse) (Metro Boomin & Future, Lil Uzi Vert);Future, Lil Uzi Vert, Metro Boomin;37126685;2023;Unknown
Eyes Closed;Ed Sheeran;195576623;2023;Atlantic Records
Escapism.;RAYE, 070 Shake;532336353;2022;Unknown
La Jumpa;Arcangel, Bad Bunny;538115192;2022;Unknown
Karma (feat. Ice Spice);Taylor Swift, Ice Spice;46142772;2023;Unknown
Superhero (Heroes & Villains) [with Future & Chris Brown];Future, Chris Brown, Metro Boomin;401036314;2022;Unknown
Las Morras;BLESSD, Peso Pluma;127026613;2023;Unknown
CHORRITO PA LAS ANIMAS;Feid;345031710;2022;Unknown
Ch y la Pizza;Fuerza Regida, Natanael Cano;288101651;2022;Unknown
Snow On The Beach (feat. More Lana Del Rey);Lana Del Rey, Taylor Swift;60350538;2023;Unknown
Players;Coi Leray;335074782;2022;Unknown
Bite Me;ENHYPEN;76767396;2023;Unknown
Stand By Me (feat. Morgan Wallen);Lil Durk, Morgan Wallen;46065667;2023;Unknown
Normal;Feid;459276435;2022;Unknown
Hummingbird (Metro Boomin & James Blake);James Blake, Metro Boomin;39666245;2023;Unknown
Seu Brilho Sumiu - Ao Vivo;Israel & Rodolffo, Mari Fernandez;138517666;2023;Unknown
Bad Habit;Steve Lacy;822633917;2022;Unknown
CUFF IT;Beyoncï¿;595900742;2022;Unknown
Lilith (feat. SUGA of BTS) (Diablo IV Anthem);Halsey, Suga;51985779;2023;Unknown
69;Nicky Jam, Feid;57945987;2023;Unknown
Niï¿½ï¿½a Bo;Sean Paul, Feid;115010040;2023;Unknown
Search & Rescue;Drake;175097833;2023;Unknown
AMERICA HAS A PROBLEM (feat. Kendrick Lamar);Kendrick Lamar, Beyoncï¿;57089066;2023;Unknown
Lavender Haze;Taylor Swift;488386797;2022;Universal Music Group
Link Up (Metro Boomin & Don Toliver, Wizkid feat. BEAM & Toian) - Spider-Verse Remix (Spider-Man: Across the Spider-Verse );WizKid, Toian, Metro Boomin, Don Toliver, Beam;32761689;2023;Unknown
Efecto;Bad Bunny;1047480053;2022;Rimas Entertainment
Erro Gostoso - Ao Vivo;Simone Mendes;153454328;2023;Unknown
Cupido;Tini;217672943;2023;Unknown
Just Wanna Rock;Lil Uzi Vert;457184829;2022;Unknown
Unstoppable;Sia;939844851;2016;Unknown
Until I Found You;Stephen Sanchez;726434358;2021;Unknown
Rich Flex;Drake, 21 Savage;573633020;2022;Unknown
Easy On Me;Adele;1406111294;2021;Unknown
Cartï¿½ï¿½o B;MC Caverinha, KayBlack;71573339;2023;Unknown
Danger (Spider) (Offset & JID);Offset, JID;24975653;2023;Unknown
Oi Balde - Ao Vivo;Zï¿½ï¿½ Neto & Crist;145458418;2023;Unknown
The Real Slim Shady;Eminem;1424589568;2000;Unknown
MERCHO;Migrantes, LiL CaKe, Nico Valdi;231332117;2022;Unknown
The Color Violet;Tory Lanez;415932686;2021;Unknown
Glimpse of Us;Joji;988515741;2022;Unknown
Mejor Que Yo;Mambo Kingz, DJ Luian, Anuel Aa;50847624;2023;Unknown
Curtains;Ed Sheeran;39893489;2023;Atlantic Records
UNFORGIVEN (feat. Nile Rodgers);Nile Rodgers, LE SSERAFIM;92035115;2023;Unknown
Haegeum;Agust D;118810253;2023;Unknown
Conexï¿½ï¿½es de Mï¿½ï¿½fia (feat. Rich;Rich The Kid, Matuï¿;77233241;2023;Unknown
MIENTRAS ME CURO DEL CORA;Karol G;206399629;2023;Unknown
Never Felt So Alone;Labrinth;117747907;2023;Unknown
X SI VOLVEMOS;Karol G, Romeo Santos;266624541;2023;Unknown
ceilings;Lizzy McAlpine;293186992;2022;Unknown
Cupid;Fifty Fifty;139681964;2023;Unknown
I AM;IVE;123132751;2023;Unknown
Cupid ï¿½ï¿½ï¿½ Twin Ver. (FIFTY FIFTY) ï¿½ï¿½ï¿½ Spe;sped up 8282;103762518;1997;Unknown
Shorty Party;Cartel De Santa, La Kelly;162887075;2023;Unknown
Super;SEVENTEEN;91221625;2023;Unknown
Slut Me Out;NLE Choppa;190490915;2022;Unknown
Double Fantasy (with Future);The Weeknd, Future;96180277;2023;Unknown
All Of The Girls You Loved Before;Taylor Swift;185240616;2019;Universal Music Group
PROVENZA;Karol G;885093467;2022;Unknown
Princess Diana (with Nicki Minaj);Nicki Minaj, Ice Spice;104992946;2023;Unknown
Di Que Si;Grupo Marca Registrada, Grupo Frontera;147290338;2023;Unknown
Shivers;Ed Sheeran;1302184087;2021;Atlantic Records
Igualito a Mi Apï¿;Fuerza Regida, Peso Pluma;158950978;2022;Unknown
Shoong! (feat. LISA of BLACKPINK);TAEYANG, Lisa;76910644;2023;Unknown
Komang;Raim Laode;137123880;2022;Unknown
DESPECHï¿;ROSALï¿½;782369383;2022;Unknown
Made You Look;Meghan Trainor;502574952;2022;Unknown
Watch This - ARIZONATEARS Pluggnb Remix;sped up nightcore, ARIZONATEARS, Lil Uzi Vert;207033255;2023;Unknown
No Se Va;Grupo Frontera;404887295;2022;Unknown
Punto G;Quevedo;381161027;2022;Unknown
Lovers Rock;TV Girl;466231982;2014;Unknown
METAMORPHOSIS;INTERWORLD;357580552;2021;Unknown
Mami Chula;Quevedo, Jhayco;61105704;2023;Unknown
En Paris;El Chachito, Junior H;198275403;2022;Unknown
Set Me Free Pt.2;Jimin;168448603;2023;Unknown
I Was Never There;The Weeknd, Gesaffelstein;705469769;2018;Unknown
Don't ever say love me (feat. RM of BTS);RM, Colde;34502215;2023;Unknown
Shut Down;BLACKPINK;482175240;2022;Unknown
Gato de Noche;Nengo Flow, Bad Bunny;304118600;2022;Unknown
Call Out My Name;The Weeknd;1449799467;2018;Republic Records
Like Crazy (English Version);Jimin;173627354;2023;Unknown
Rosa Pastel;Jasiel Nuï¿½ï¿½ez, Peso P;90025258;2023;Unknown
Sunroof;Nicky Youre, Dazy;652704649;2021;Unknown
Lose Yourself - Soundtrack Version;Eminem;1829992958;2002;Unknown
Superman;Eminem, Dina Rae;655466831;2002;Unknown
Mas Rica Que Ayer;Mambo Kingz, DJ Luian, Anuel Aa;146409671;2023;Unknown
People Pt.2 (feat. IU);IU, Agust D;95816024;2023;Unknown
REMIX EXCLUSIVO;Feid;117206995;2023;Unknown
Arcï¿½ï¿½ngel: Bzrp Music Sessions, Vol;Arcangel, Bizarrap;100409613;2023;Unknown
DOGTOOTH;Tyler, The Creator;80758350;2023;Unknown
10:35;Tiï¿½ï¿½sto, Tate M;325592432;2022;Unknown
SORRY NOT SORRY;Tyler, The Creator;58473276;2023;Unknown
HAPPY;NF;52722996;2023;Unknown
La Bebe;Yng Lvcas;191945597;2021;Unknown
I Know - PR1SVX Edit;Kanii, PR1ISVX;77377503;2023;Unknown
Late Night Talking;Harry Styles;743693613;2022;Columbia Records
Leï¿½;Marï¿½ï¿½lia Mendo;267789608;2022;Unknown
Save Your Tears (with Ariana Grande) (Remix);Ariana Grande, The Weeknd;1221813483;2020;Unknown
Something in the Orange;Zach Bryan;449701773;2022;Unknown
VOID;Melanie Martinez;67070410;2023;Unknown
Dijeron Que No La Iba Lograr;Fuerza Regida, Chino Pacas;116334601;2023;Unknown
Midnight Rain;Taylor Swift;433356509;2022;Universal Music Group
If We Ever Broke Up;Mae Stephens;165584767;2023;Unknown
You Proof;Morgan Wallen;367814306;2022;Unknown
LA INOCENTE;Feid, Mora;477033549;2022;Unknown
Malas Decisiones;Kenia OS;156214700;2022;Unknown
Murder In My Mind;Kordhell;448843705;2022;Unknown
Gangsta's Paradise;Coolio, L.V.;1357608774;1995;Unknown
CAIRO;Karol G, Ovy On The Drums;294352144;2022;Unknown
I Love You So;The Walters;972164968;2014;Unknown
Dark Red;Steve Lacy;920045682;2017;Unknown
Say You Won't Let Go;James Arthur;2420461338;2016;Columbia Records
The Hills;The Weeknd;1947371785;2015;Republic Records
Heart To Heart;Mac DeMarco;244658767;2019;Unknown
Peaches (from The Super Mario Bros. Movie);Jack Black;68216992;2023;Unknown
Marisola - Remix;Duki, NICKI NICOLE, Cris Mj, Standly, Stars Music Chile;223582566;2022;Unknown
LOKERA;Brray, Rauw Alejandro, Lyanno;471819764;2022;Unknown
Low;SZA;272377463;2022;Top Dawg Entertainment
Numb;Linkin Park;1361425037;2003;Unknown
Tormenta (feat. Bad Bunny);Gorillaz, Bad Bunny;149778242;2023;Unknown
on the street (with J. Cole);j-hope, J. Cole;116599790;2023;Unknown
One Thing At A Time;Morgan Wallen;148469433;2022;Unknown
Miss You;Robin Schulz, Oliver Tree;497225336;2022;Unknown
Ainï¿½ï¿½ï¿½t Tha;Morgan Wallen;88791109;2023;Unknown
Thinkinï¿½ï¿½ï¿½ B;Morgan Wallen;125917280;2023;Unknown
Private Landing (feat. Justin Bieber & Future);Don Toliver, Future, Justin Bieber;105062254;2023;Unknown
Everything I Love;Morgan Wallen;95623148;2023;Unknown
Heaven;Niall Horan;144584800;2023;Unknown
LET GO;Central Cee;298063749;2022;Unknown
Sial;Mahalini;166570053;2023;Unknown
I Wrote The Book;Morgan Wallen;83021468;2023;Unknown
"Apna Bana Le (From ""Bhediya"")";Arijit Singh, Sachin-Jigar;139836056;2022;Unknown
SPIT IN MY FACE!;ThxSoMch;303216294;2022;Unknown
PLAYA DEL INGLï¿½;Myke Towers, Quevedo;221409663;2022;Unknown
Man Made A Bar (feat. Eric Church);Morgan Wallen, Eric Church;58890931;2023;Unknown
Red Ruby Da Sleeze;Nicki Minaj;81419389;2023;Unknown
Kahani Suno 2.0;Kaifi Khalil;156777415;2022;Unknown
Nobody Gets Me;SZA;284908316;2022;Top Dawg Entertainment
PERO Tï¿;Karol G, Quevedo;93438910;2023;Unknown
Hype Boy;NewJeans;363472647;2022;Unknown
Bloody Mary;Lady Gaga;372476382;2011;Unknown
Monotonï¿½;Ozuna, Shakira;380726517;2022;Unknown
ýýý98 Braves;Morgan Wallen;56533272;2023;Unknown
WANDA;Quevedo;175399345;2023;Unknown
Thought You Should Know;Morgan Wallen;203221468;2022;Unknown
In The End;Linkin Park;1624165576;2000;Unknown
Zona De Perigo;Leo Santana;134294498;2022;Unknown
Lovezinho;Treyce;70069745;2022;Unknown
I Like You (A Happier Song) (with Doja Cat);Post Malone, Doja Cat;609293408;2022;Unknown
Neverita;Bad Bunny;671365962;2022;Rimas Entertainment
Vista Al Mar;Quevedo;362361576;2022;Unknown
Sem Alianï¿½ï¿½a no;MC Xenon, Os Gemeos da Putaria;93587665;2022;Unknown
Enemy (with JID) - from the series Arcane League of Legends;Imagine Dragons, League of Legends, JID, Arcane;1223481149;2021;Unknown
Revenge;XXXTENTACION;1022258230;2017;Unknown
Bombonzinho - Ao Vivo;Israel & Rodolffo, Ana Castela;263453310;2022;Unknown
LA CANCIï¿½;J Balvin, Bad Bunny;1435127549;2019;Unknown
Quï¿½ï¿½ Ago;Yuridia, Angela Aguilar;236857112;2022;Unknown
Love Again;The Kid Laroi;147538971;2023;Unknown
After Hours;The Weeknd;698086140;2020;Republic Records
About Damn Time;Lizzo;723894473;2022;Unknown
Born With A Beer In My Hand;Morgan Wallen;34450974;2023;Unknown
ýýýýýýýýýýýýýýýýýýýýý;Fujii Kaze;403097450;2020;Unknown
Besos Moja2;Wisin & Yandel, ROSALï¿½;309483971;2022;Unknown
Maan Meri Jaan;King;319566866;2022;Unknown
Moscow Mule;Bad Bunny;909001996;2022;Rimas Entertainment
My Universe;Coldplay, BTS;1061966512;2021;Unknown
Devil Donï¿½ï¿½ï¿½;Morgan Wallen;32526947;2023;Unknown
LLYLM;ROSALï¿½;124988687;2023;Unknown
I'm Not Here To Make Friends;Sam Smith, Calvin Harris, Jessie Reyez;103787664;2023;Unknown
TRUSTFALL;P!nk;134255790;2023;Unknown
ANTIFRAGILE;LE SSERAFIM;301051721;2022;Unknown
Boy's a liar;PinkPantheress;156338624;2022;Unknown
VIBE (feat. Jimin of BTS);TAEYANG, Jimin;152850295;2023;Unknown
Shirt;SZA;309653982;2022;Top Dawg Entertainment
Lift Me Up - From Black Panther: Wakanda Forever - Music From and Inspired By;Rihanna;297328960;2022;Unknown
STAR WALKIN' (League of Legends Worlds Anthem);Lil Nas X;332506354;2022;Unknown
Sex, Drugs, Etc.;Beach Weather;480507035;2016;Unknown
Boy With Luv (feat. Halsey);Halsey, BTS;1065580332;2019;Unknown
Hey, Mickey!;Baby Tate;122763672;2016;Unknown
Calm Down;Rï¿½ï;445763624;2022;Unknown
Jhoome Jo Pathaan;Arijit Singh, Vishal Dadlani, Sukriti Kakar, Vishal-Shekhar, Shekhar Ravjiani, Kumaar;1365184;2022;Unknown
Escapism. - Sped Up;RAYE, 070 Shake;184308753;2022;Unknown
Space Song;Beach House;789753877;2015;Unknown
Dreamers [Music from the FIFA World Cup Qatar 2022 Official Soundtrack];BTS, Jung Kook, FIFA Sound;323358833;2022;Unknown
Te Felicito;Shakira, Rauw Alejandro;606361689;2022;Unknown
Muï¿½ï¿½;Steve Aoki, Tini, La Joaqui;120972253;2023;Unknown
TV;Billie Eilish;338564981;2022;Interscope Records
I'm Not The Only One;Sam Smith;1606986953;2014;Unknown
Heather;Conan Gray;1301799902;2020;Unknown
"Besharam Rang (From ""Pathaan"")";Vishal-Shekhar, Shilpa Rao, Caralisa Monteiro, Kumaar, Vishal Dadlani, Shekhar Ravjiani;140187018;2022;Unknown
One Kiss (with Dua Lipa);Calvin Harris, Dua Lipa;1897517891;2017;Unknown
Sugar Rush Ride;TOMORROW X TOGETHER;107642809;2023;Unknown
Pink Venom;BLACKPINK;551305895;2022;Unknown
WAIT FOR U (feat. Drake & Tems);Drake, Future, Tems;556585270;2022;Unknown
Don't Start Now;Dua Lipa;2303033973;2019;Warner Records
After Dark;Mr.Kitty;646886885;2014;Unknown
Eu Gosto Assim - Ao Vivo;Gustavo Mioto, Mari Fernandez;222612678;2022;Unknown
INDUSTRY BABY (feat. Jack Harlow);Jack Harlow, Lil Nas X;1814349763;2021;Unknown
MIDDLE OF THE NIGHT;Elley Duhï¿;872137015;2020;Unknown
Atlantis;Seafret;571386359;2015;Unknown
PUNTO 40;Baby Rasta, Rauw Alejandro;304079786;2022;Unknown
Evoque Prata;DJ Escobar, MC MENOR SG, MC MENOR HR;174006928;2022;Unknown
How Do I Say Goodbye;Dean Lewis;284785823;2022;Unknown
Blind;SZA;163284000;2022;Top Dawg Entertainment
Die For You;Joji;246390068;2022;Unknown
Doja;Central Cee;482257456;2022;Unknown
Gatita;Bellakath;168684524;2022;Unknown
Rumble;Skrillex, Flowdan, Fred again..;78489819;2022;Unknown
Niagara Falls (Foot or 2) [with Travis Scott & 21 Savage];Travis Scott, 21 Savage, Metro Boomin;195516622;2022;Unknown
Yonaguni;Bad Bunny;1260594497;2021;Rimas Entertainment
Super Freaky Girl;Nicki Minaj;428685680;2022;Unknown
Running Up That Hill (A Deal With God);Kate Bush;1024858327;1985;Unknown
Dream On;Aerosmith;838586769;1973;Unknown
Limbo;Freddie Dredd;199386237;2022;Unknown
Where Are You Now;Lost Frequencies, Calum Scott;972509632;2021;Unknown
WORTH NOTHING;Twisted, Oliver Tree;213438580;2022;Unknown
Bad Habits;Ed Sheeran;1555511105;2020;Atlantic Records
KICK BACK;Kenshi Yonezu;210038833;2022;Unknown
Evergreen (You Didnï¿½ï¿½ï¿½t Deserve Me A;Omar Apollo;227918678;2022;Unknown
Good Days;SZA;826623384;2020;Top Dawg Entertainment
Levitating (feat. DaBaby);Dua Lipa, DaBaby;1802514301;2020;Unknown
Woman;Doja Cat;1329090101;2021;Unknown
Shut up My Moms Calling - (Sped Up);Hotel Ugly;181831132;2022;Unknown
Ferrari;James Hype, Miggy Dela Rosa;462791599;2022;Unknown
You're On Your Own, Kid;Taylor Swift;348647203;2022;Universal Music Group
"Kesariya (From ""Brahmastra"")";Pritam, Arijit Singh, Amitabh Bhattacharya;366599607;2022;Unknown
Agudo Mï¿½ï¿½gi;Styrx, utku INC, Thezth;90598517;1930;Unknown
Payphone;Maroon 5, Wiz Khalifa;1479264469;2012;Unknown
All I Want for Christmas Is You;Mariah Carey;1449779435;1994;Unknown
Last Christmas;Wham!;1159176109;1984;Unknown
Rockin' Around The Christmas Tree;Brenda Lee;769213520;1958;Unknown
Jingle Bell Rock;Bobby Helms;741301563;1957;Unknown
It's Beginning To Look A Lot Like Christmas;Michael Bublï¿;807561936;2011;Unknown
Santa Tell Me;Ariana Grande;834129063;2013;Unknown
It's the Most Wonderful Time of the Year;Andy Williams;663832097;1963;Unknown
Let It Snow! Let It Snow! Let It Snow!;Dean Martin;446390129;1959;Unknown
Snowman;Sia;690104769;2017;Unknown
Underneath the Tree;Kelly Clarkson;485285717;2013;Unknown
Feliz Navidad;Josï¿½ï¿½ Felic;520034544;1970;Unknown
Holly Jolly Christmas;Michael Bublï¿;476244795;2011;Unknown
Mistletoe;Justin Bieber;629173063;2011;Def Jam Recordings
Sleigh Ride;The Ronettes;404664135;1963;Unknown
Seek & Destroy;SZA;98709329;2022;Top Dawg Entertainment
Love Language;SZA;110849052;2022;Top Dawg Entertainment
Happy Xmas (War Is Over);John Lennon, The Harlem Community Choir, The Plastic Ono Band, Yoko Ono;460492795;1971;Unknown
Used (feat. Don Toliver);SZA, Don Toliver;94005786;2022;Unknown
A Holly Jolly Christmas - Single Version;Burl Ives;395591396;1952;Unknown
The Christmas Song (Merry Christmas To You) - Remastered 1999;Nat King Cole;389771964;1946;Unknown
Wonderful Christmastime - Edited Version / Remastered 2011;Paul McCartney;403939487;1979;Unknown
Do They Know It's Christmas? - 1984 Version;Band Aid;481697415;1984;Unknown
Ghost in the Machine (feat. Phoebe Bridgers);SZA, Phoebe Bridgers;110073250;2022;Unknown
Special;SZA;88092256;2022;Top Dawg Entertainment
Merry Christmas Everyone;Shakin' Stevens;351636786;1984;Unknown
Let It Snow! Let It Snow! Let It Snow!;Frank Sinatra, B. Swanson Quartet;473248298;1950;Unknown
SOS;SZA;73981293;2022;Top Dawg Entertainment
Open Arms (feat. Travis Scott);SZA, Travis Scott;155653938;2022;Unknown
White Christmas;Bing Crosby, John Scott Trotter & His Orchestra, Ken Darby Singers;395591396;1942;Unknown
Driving Home for Christmas - 2019 Remaster;Chris Rea;429504768;1986;Unknown
Christmas (Baby Please Come Home);Darlene Love;242767149;1963;Unknown
Gone Girl;SZA;65362788;2022;Top Dawg Entertainment
F2F;SZA;67540165;2022;Top Dawg Entertainment
Notice Me;SZA;62019074;2022;Top Dawg Entertainment
Merry Christmas;Ed Sheeran, Elton John;135723538;2017;Unknown
It's Beginning to Look a Lot Like Christmas (with Mitchell Ayres & His Orchestra);Perry Como, The Fontane Sisters, Mitchell Ayres & His Orchestra;295998468;1958;Unknown
My Only Wish (This Year);Britney Spears;261116938;2000;Unknown
Antidepresan;Mabel Matiz, Mert Demir;136689549;2022;Unknown
Wild Flower (with youjeen);RM;135611421;2022;Unknown
I Hate U;SZA;356709897;2021;Top Dawg Entertainment
Raindrops (Insane) [with Travis Scott];Travis Scott, Metro Boomin;110649992;2022;Unknown
SPIT IN MY FACE!;ThxSoMch;301869854;2022;Unknown
Deck The Hall - Remastered 1999;Nat King Cole;127027715;1959;Unknown
Smoking on my Ex Pack;SZA;57144458;2022;Top Dawg Entertainment
Conceited;SZA;56870689;2022;Top Dawg Entertainment
Snow On The Beach (feat. Lana Del Rey);Taylor Swift, Lana Del Rey;323437194;2022;Unknown
Maroon;Taylor Swift;317726339;2022;Universal Music Group
Tubarï¿½ï¿½o Te;Dj LK da Escï¿½ï¿½cia, Tchakabum, mc jhenny, M;116144341;2022;Unknown
Bejeweled;Taylor Swift;328207708;2022;Universal Music Group
Tarot;Bad Bunny, Jhay Cortez;608228647;2022;Unknown
You Make It Feel Like Christmas (feat. Blake Shelton);Gwen Stefani, Blake Shelton;180577478;2005;Unknown
Desesperados;Chencho Corleone, Rauw Alejandro;809306935;2021;Unknown
Too Late;SZA;49262961;2022;Top Dawg Entertainment
Party;Bad Bunny, Rauw Alejandro;614555082;2022;Unknown
Run Rudolph Run - Single Version;Chuck Berry;245350949;1958;Unknown
Jingle Bells - Remastered 1999;Frank Sinatra;178660459;1957;Unknown
Far;SZA;51641685;2022;Top Dawg Entertainment
On Time (with John Legend);John Legend, Metro Boomin;78139948;2022;Unknown
GATï¿½ï¿½;Maldy, Karol G;322336177;2022;Unknown
ýýýabcdefu;Gayle;1007612429;2021;Unknown
Sacrifice;The Weeknd;326792833;2022;Republic Records
Is There Someone Else?;The Weeknd;391251368;2022;Republic Records
Fingers Crossed;Lauren Spencer Smith, Lauren Spencer Smith, Lauren Spencer Smith;349585590;2022;Unknown
Out of Time;The Weeknd;339659802;2022;Republic Records
Do It To It;Cherish, ACRAZE;674772936;2021;Unknown
We Don't Talk About Bruno;Adassa, Mauro Castillo, Stephanie Beatriz, Encanto - Cast, Rhenzy Feliz, Diane Guerrero, Carolina Gaitan;432719968;2021;Unknown
Pepas;Farruko;1309887447;2021;Unknown
How Do I Make You Love Me?;The Weeknd;119238316;2022;Republic Records
Gasoline;The Weeknd;116903579;2022;Republic Records
Infinity;Jaymes Young;888046992;2017;Unknown
Less Than Zero;The Weeknd;200660871;2022;Republic Records
Take My Breath;The Weeknd;130655803;2021;Republic Records
good 4 u;Olivia Rodrigo;1887039593;2021;Geffen Records
Here We Goï¿½ï¿½ï¿½ Again (feat. Tyler, the Cr;The Weeknd, Tyler, The Creator;88103848;2022;Unknown
Best Friends;The Weeknd;101114984;2022;Republic Records
Kiss Me More (feat. SZA);SZA, Doja Cat;1575467011;2021;Unknown
I Heard You're Married (feat. Lil Wayne);The Weeknd, Lil Wayne;91656026;2022;Unknown
Need To Know;Doja Cat;1042568408;2021;Unknown
MONTERO (Call Me By Your Name);Lil Nas X;1735441776;2020;Unknown
love nwantiti (ah ah ah);Ckay;726837877;2019;Unknown
Dawn FM;The Weeknd;53933526;2022;Republic Records
Surface Pressure;Jessica Darrow;267758538;2021;Unknown
Starry Eyes;The Weeknd;74601456;2022;Republic Records
THATS WHAT I WANT;Lil Nas X;920797189;2021;Unknown
One Right Now (with The Weeknd);The Weeknd, Post Malone;539595276;2021;Unknown
Beggin;Mï¿½ï¿½ne;1367810478;2017;Unknown
Mon Amour - Remix;Aitana, zzoilo;578207856;2020;Unknown
Lo Siento BB:/ (with Bad Bunny & Julieta Venegas);Julieta Venegas, Bad Bunny, Tainy;775542072;2021;Unknown
MONEY;Lisa;863625566;2021;Unknown
The Motto;Tiï¿½ï¿½sto, Ava;656013912;2021;Unknown
Happier Than Ever;Billie Eilish;1056760045;2021;Interscope Records
Moth To A Flame (with The Weeknd);The Weeknd, Swedish House Mafia;611994237;2021;Unknown
traitor;Juan Cruz Toledo, Huilen Toledo;1230855859;2021;Unknown
Toxic;BoyWithUke;582981380;2021;Unknown
drivers license;Olivia Rodrigo;1858144199;2021;Geffen Records
Malvadï¿½ï¿;Xamï¿½ï¿½, Gustah, Neo B;240684449;2021;Unknown
All Too Well (10 Minute Version) (Taylor's Version) (From The Vault);Taylor Swift;583687007;2021;Universal Music Group
Donï¿½ï¿½ï¿½t Break My;The Weeknd;63803529;2022;Republic Records
Oh My God;Adele;466214729;2021;Unknown
Entre Nosotros (Remix) [con Nicki Nicole];Lit Killah, Maria Becerra, Tiago pzk, NICKI NICOLE;236940480;2022;Unknown
A Tale By Quincy;The Weeknd;41924466;2022;Republic Records
I AM WOMAN;Emmy Meli;225259194;2021;Unknown
Medallo;Justin Quiles, Lenny Tavï¿½ï¿½rez, BL;393230256;2021;Unknown
It'll Be Okay;Shawn Mendes;287201015;2021;Unknown
Softcore;The Neighbourhood;599770206;2018;Columbia Records
Super Gremlin;Kodak Black;342779426;2021;Unknown
Volvï¿;Aventura, Bad Bunny;673801126;2021;Unknown
Todo De Ti;Rauw Alejandro;1168642797;2020;Unknown
Love Nwantiti - Remix;Ckay, AX'EL, Dj Yo!;540539717;2019;Unknown
Smokin Out The Window;Bruno Mars, Anderson .Paak, Silk Sonic;383550148;2021;Unknown
Meet Me At Our Spot;THE ANXIETY, Willow, Tyler Cole;530511203;2020;Unknown
Every Angel is Terrifying;The Weeknd;37307967;2022;Republic Records
Tacones Rojos;Sebastian Yatra;510876816;2021;Unknown
Peaches (feat. Daniel Caesar & Giveon);Justin Bieber, Daniel Caesar, Giveon;1445941661;2021;Unknown
Dakiti;Bad Bunny, Jhay Cortez;1763363713;2020;Unknown
Tiago PZK: Bzrp Music Sessions, Vol. 48;Bizarrap, Tiago pzk;374191487;2021;Unknown
Lï¿½ï¿½ï¿;Stromae;108809090;2022;Unknown
Nostï¿½ï¿½l;Chris Brown, Rvssian, Rauw Alejandro;436695353;2021;Unknown
Better Days (NEIKED x Mae Muller x Polo G);NEIKED, Mae Muller, Polo G;421040617;2021;Unknown
Life Goes On;Oliver Tree;501541661;2020;Unknown
Sad Girlz Luv Money Remix (feat. Kali Uchis);Kali Uchis, Amaarae, Moliy;354065229;2021;Unknown
Butter;BTS;1143647827;2021;Unknown
pushin P (feat. Young Thug);Young Thug, Future, Gunna;311395144;2022;Unknown
You Right;Doja Cat, The Weeknd;672656250;2021;Unknown
deja vu;Olivia Rodrigo;1256880657;2021;Geffen Records
Dynamite;BTS;1692897992;2020;Unknown
TO THE MOON;Jnr Choi;245095641;2021;Unknown
Lost in the Fire;The Weeknd, Gesaffelstein;686734357;2019;Unknown
Salimo de Noche;Trueno, Tiago pzk;261414174;2021;Unknown
Volando - Remix;Sech, Bad Bunny, Mora;610045621;2021;Unknown
Leave The Door Open;Bruno Mars, Anderson .Paak, Silk Sonic;1115880852;2021;Unknown
Knife Talk (with 21 Savage ft. Project Pat);Drake, Project Pat, 21 Savage;594482982;2021;Unknown
Don't Be Shy;Tiï¿½ï¿½sto, Kar;566954746;2021;Unknown
LA FAMA (with The Weeknd);The Weeknd, ROSALï¿½;374706940;2021;Unknown
The Family Madrigal;Olga Merediz, Stephanie Beatriz, Encanto - Cast;184937148;2021;Unknown
Phantom Regret by Jim;The Weeknd;31959571;2022;Republic Records
Dos Oruguitas;Sebastian Yatra;167076418;2021;Unknown
Freaks;Surf Curse;824420218;2015;Unknown
Acapulco;Jason Derulo;363467642;2021;Unknown
Daddy Issues;The Neighbourhood;1127468248;2015;Columbia Records
thought i was playing;21 Savage, Gunna;60680939;2022;Unknown
ELEVEN;IVE;247737946;2021;Unknown
Mood (feat. Iann Dior);24kgoldn, Iann Dior;1699402402;2020;Unknown
What Else Can I Do?;Stephanie Beatriz, Diane Guerrero;154797871;2021;Unknown
DANCE CRIP;Trueno;198883004;2021;Unknown
Miserable Man;David Kushner;124407432;2022;Unknown
happier;Olivia Rodrigo;850608354;2021;Geffen Records
Praise God;Kanye West;376333030;2021;Unknown
Get Into It (Yuh);Doja Cat;516784627;2021;Unknown
Before You Go;Lewis Capaldi;1608045237;2019;Vertigo Berlin
Sky;Playboi Carti;506778838;2020;Unknown
Rolling in the Deep;Adele;1472799873;2010;Unknown
Sobrio;Maluma;513643924;2021;Unknown
Peru;Ed Sheeran, Fireboy DML;261286503;2021;Unknown
favorite crime;Olivia Rodrigo;783706581;2021;Geffen Records
Thunder;Prezioso, Gabry Ponte, LUM!X;422691058;2021;Unknown
The Business;Tiï¿½ï¿;1062345656;2020;Unknown
positions;Ariana Grande;1252563873;2020;Unknown
I WANNA BE YOUR SLAVE;Mï¿½ï¿½ne;851070493;2021;Unknown
Vai Lï¿½ï¿½ Em Casa;Marï¿½ï¿½lia Mendonï¿½ï¿½a, George Henrique &;263894529;2021;Unknown
The Feels;TWICE;345903614;2021;Unknown
HEARTBREAK ANNIVERSARY;Giveon;951637566;2020;Unknown
No Lie;Sean Paul, Dua Lipa;956865266;2016;Unknown
OUT OUT (feat. Charli XCX & Saweetie);Charli XCX, Jax Jones, Joel Corry, Saweetie;427486004;2021;Unknown
Pope Is a Rockstar;SALES;156658366;2016;Unknown
2055;Sleepy hallow;624515457;2021;Unknown
Bored;Billie Eilish;777765388;2017;Interscope Records
Happier Than Ever - Edit;Billie Eilish;412795151;2021;Interscope Records
Astronaut In The Ocean;Masked Wolf;1138474110;2019;Unknown
Ley Seca;Anuel Aa, Jhay Cortez;355219175;2021;Unknown
Every Summertime;NIKI;290228626;2021;Unknown
Talking To The Moon;Bruno Mars;1062956628;2010;Unknown
you broke me first;Tate McRae;1180094974;2020;Unknown
The Nights;Avicii;1456081449;2014;Unknown
Take My Breath;The Weeknd;432702334;2021;Republic Records
Way 2 Sexy (with Future & Young Thug);Drake, Future, Young Thug;489945871;2021;Unknown
Cï¿½ï¿½;Rauw Alejandro;465959382;2021;Unknown
Enemy - from the series Arcane League of Legends;Imagine Dragons, League of Legends, Arcane;1223481149;2021;Unknown
Dance Monkey;Tones and I;2864791672;2019;Bad Batch Records
Lucid Dreams;Juice WRLD;2288695111;2017;Interscope Records
Quï¿½ï¿½ Mï¿½ï¿;J Balvin, Maria Becerra;720825549;2021;Unknown
All of Me;John Legend;2086124197;2013;Unknown
Smells Like Teen Spirit - Remastered 2021;Nirvana;1690192927;1991;Unknown
Arcade;Duncan Laurence;991336132;2019;Unknown
Fair Trade (with Travis Scott);Drake, Travis Scott;593917618;2021;Unknown
Bar;Tini, L-Gante;200972675;2021;Unknown
The Rumbling (TV Size);SiM;71014967;2022;Unknown
family ties (with Kendrick Lamar);Kendrick Lamar, Baby Keem;560222750;2021;Unknown
Mr. Brightside;The Killers;1806617704;2003;Unknown
Blessed-Cursed;ENHYPEN;77337771;2022;Unknown
AM Remix;J Balvin, Nio Garcia, Bad Bunny;528544703;2021;Unknown
Streets;Doja Cat;865640097;2019;Unknown
Shallow;Lady Gaga, Bradley Cooper;2159346687;2018;Unknown
Polaroid Love;ENHYPEN;211372494;2022;Unknown
Leave Before You Love Me (with Jonas Brothers);Marshmello, Jonas Brothers;651732901;2021;Unknown
Permission to Dance;BTS;608334048;2021;Unknown
Friday (feat. Mufasa & Hypeman) - Dopamine Re-Edit;Riton, Nightcrawlers, Mufasa & Hypeman, Dopamine;863756573;2021;Unknown
RAPSTAR;Polo G;797402345;2021;Unknown
'Till I Collapse;Eminem, Nate Dogg;1695712020;2002;Unknown
Memories;Maroon 5;1759567999;2019;Unknown
Se Le Ve;Arcangel, De La Ghetto, Justin Quiles, Lenny Tavï¿½ï¿½rez, Sech, Dalex, Dimelo Flow, Rich Music;223319934;2021;Unknown
25k jacket (feat. Lil Baby);Gunna, Lil Baby;54937991;2022;Unknown
When Iï¿½ï¿½ï¿½m Gone (with Katy;Katy Perry, Alesso;226897599;2021;Unknown
Esqueï¿½ï¿½a-Me Se For C;Marï¿½ï¿½lia Mendonï¿½ï¿½a, Maiara &;258316038;2021;Unknown
Miï¿½ï¿½n;Tini, Maria Becerra;596152090;2021;Unknown
Sï¿½ï¿½;Anuel Aa, Myke Towers, Jhay Cortez;177129919;2021;Unknown
MAMIII;Karol G, Becky G;716591492;2022;Unknown
Still D.R.E.;Dr. Dre, Snoop Dogg;1210599487;1999;Unknown
Stay Alive (Prod. SUGA of BTS);Jung Kook;246376690;2022;Unknown
Boyfriend;Dove Cameron;496311364;2022;Unknown
The Joker And The Queen (feat. Taylor Swift);Ed Sheeran, Taylor Swift;146789379;2022;Unknown
The Next Episode;Dr. Dre, Snoop Dogg;843309044;1999;Unknown
Light Switch;Charlie Puth;500340342;2022;Unknown
City of Gods;Kanye West, Alicia Keys, Fivio Foreign;107255472;2022;Unknown
Brividi;Mahmood, Blanco;135079152;2022;Unknown
Lost;Frank Ocean;822239726;2012;Unknown
In Da Club;50 Cent;1202722675;2002;Unknown
she's all i wanna be;Tate McRae;343197054;2022;Unknown
Ginseng Strip 2002;Yung Lean;240769997;2013;Unknown
All For Us - from the HBO Original Series Euphoria;Labrinth, Zendaya;426204830;2019;Unknown
Notion;The Rare Occasions;421135627;2016;Unknown
Formula;Labrinth;554875730;2019;Unknown
Mount Everest;Labrinth;467727006;2019;Unknown
Excuses;Intense, AP Dhillon, Gurinder Gill;327498031;2020;Unknown
Cigarettes;Juice WRLD;185408548;2021;Interscope Records
Cayï¿½ï¿½ La Noche (feat. Cruz Cafunï¿½ï¿½, Abhir Hathi, Bejo, EL IMA);Quevedo, La Pantera, Juseph, Cruz Cafunï¿½ï¿½, Bï¿½ï¿½jo, Abhir Hathi;245400167;2022;Unknown
California Love - Original Version (Explicit);Dr. Dre, 2Pac, Roger;579395142;1995;Unknown
Forgot About Dre;Eminem, Dr. Dre;675039469;1999;Unknown
Down Under (feat. Colin Hay);Luude, Colin Hay;252871192;2021;Unknown
Mujeriego;Ryan Castro;231996128;2021;Unknown
HUMBLE.;Kendrick Lamar;1929770265;2017;Unknown
Stan;Eminem, Dido;918915401;1999;Unknown
Contection;GODZZ__-, Zakaria;1180896317;2020;Unknown
Swim;Chase Atlantic;498960285;2017;Unknown
A Tu Merced;Bad Bunny;685071800;2020;Rimas Entertainment
Numb Little Bug;Em Beihold;258714692;2022;Unknown
212;Mainstreet, Chefin;143139338;2022;Unknown
Problemï¿½;Alvaro Diaz, Rauw Alejandro;209768491;2021;Unknown
Bussin;Nicki Minaj, Lil Baby;64714573;2022;Unknown
Worst Day;Future;50746620;2022;Unknown
Malvada;Zï¿½ï¿½ Fe;154119539;2022;Unknown
Hrs and Hrs;Muni Long;181328253;2021;Unknown
Alien Blues;Vundabar;370068639;2015;Unknown
Thinking Out Loud;Ed Sheeran;2280566092;2014;Atlantic Records
Still Don't Know My Name;Labrinth;563902868;2019;Unknown
Christmas Tree;V;317622165;2021;Unknown
Mal Feito - Ao Vivo;Marï¿½ï¿½lia Mendonï¿½ï¿½a, Hugo & G;291709698;2022;Unknown
When I R.I.P.;Labrinth;203680270;2019;Unknown
Do We Have A Problem?;Nicki Minaj, Lil Baby;81350745;2022;Unknown
Forever;Labrinth;282883169;2019;Unknown
Gospel (with Eminem);Eminem, Dr. Dre;64787943;2022;Unknown
Seï¿½ï¿½o;Shawn Mendes, Camila Cabello;2484812918;2019;Werner Records
NEW MAGIC WAND;Tyler, The Creator;461437791;2019;Unknown
Adore You;Harry Styles;1439191367;2019;Columbia Records
La Santa;Daddy Yankee, Bad Bunny;759208783;2020;Unknown
Something In The Way - Remastered 2021;Nirvana;368646862;1991;Unknown
Sweetest Pie;Dua Lipa, Megan Thee Stallion;299634472;2022;Unknown
Bam Bam (feat. Ed Sheeran);Camila Cabello, Ed Sheeran;756907987;2022;Unknown
Una Noche en Medellï¿½;Cris Mj;682475162;2022;Unknown
Envolver;Anitta;546191065;2021;Unknown
Starlight;Dave;229473310;2022;Unknown
Hati-Hati di Jalan;Tulus;202677468;2022;Unknown
"I'm Tired - From ""Euphoria"" An Original HBO Series";Labrinth;121913181;2022;Unknown
DANï¿½ï¿½A;Mc Pedrinho, Pedro Sampaio;208166039;2022;Unknown
Yo Voy (feat. Daddy Yankee);Zion & Lennox;527033089;2004;Unknown
Residente: Bzrp Music Sessions, Vol. 49;Residente, Bizarrap;94616487;2022;Unknown
Jordan;Ryan Castro;394030335;2021;Unknown
Nail Tech;Jack Harlow;193443895;2022;Unknown
Chale;Eden Muï¿½ï;299648208;2022;Unknown
DARARI;Treasure;182978249;2022;Unknown
Ya No Somos Ni Seremos;Christian Nodal;319757142;2022;Unknown
Thinking with My Dick;Kevin Gates, Juicy J;109091573;2013;Unknown
Freaky Deaky;Tyga, Doja Cat;153240879;2022;Unknown
this is what falling in love feels like;JVKE;346127840;2021;Unknown
La Zona;Bad Bunny;312622938;2020;Rimas Entertainment
Bohemian Rhapsody - Remastered 2011;Queen;2197010679;1975;Unknown
Hope;XXXTENTACION;1200808494;2018;Unknown
Levitating;Dua Lipa;797196073;2020;Warner Records
Wake Me Up - Radio Edit;Avicii;1970673297;2013;Unknown
jealousy, jealousy;Olivia Rodrigo;665765558;2021;Geffen Records
Monï¿½ï¿½y so;YEAT;263779030;2021;Unknown
Demasiadas Mujeres;C. Tangana;339473453;2020;Unknown
Something Just Like This;The Chainsmokers, Coldplay;2204080728;2017;Unknown
Closer;The Chainsmokers, Halsey;2591224264;2016;Disruptor Records
O.O;NMIXX;135444283;2022;Unknown
Somebody That I Used To Know;Gotye, Kimbra;1457139296;2011;Unknown
Tom's Diner;AnnenMayKantereit, Giant Rooks;236872197;2019;Unknown
First Class;Jack Harlow;694525298;2022;Unknown
Plan A;Paulo Londra;240661097;2022;Unknown
Fuera del mercado;Danny Ocean;421365166;2022;Unknown
X ï¿½ï¿½LTIMA;Daddy Yankee, Bad Bunny;349746291;2022;Unknown
When You're Gone;Shawn Mendes;255120451;2022;Unknown
In My Head;Lil Tjay;190981339;2022;Unknown
Wait a Minute!;Willow;924193303;2015;Unknown
LOVE DIVE;IVE;305771063;2022;Unknown
Pantysito;Feid, Alejo, Robi;273005485;2022;Unknown
Chance;Paulo Londra;89566512;2022;Unknown
Cool for the Summer;Demi Lovato;677389855;2015;Unknown
psychofreak (feat. WILLOW);Camila Cabello, Willow;75476209;2022;Unknown
Angel Baby;Troye Sivan;408843328;2021;Unknown
Vampiro;Matuï¿½ï¿½, Wiu, ;187772591;2022;Unknown
Si Quieren Frontear;De La Ghetto, Duki, Quevedo;178512385;2022;Unknown
Right On;Lil Baby;101780047;2022;Unknown
Me Arrepentï¿;Ak4:20, Cris Mj, Pailita;118381354;2022;Unknown
That's Hilarious;Charlie Puth;146363130;2022;Unknown
Soy El Unico;Yahritza Y Su Esencia;126443991;2022;Unknown
RUMBATï¿½;Daddy Yankee;157990698;2022;Unknown
sentaDONA (Remix) s2;Luï¿½ï¿½sa Sonza, MC Frog, Dj Gabriel do Borel, Davi K;176290831;2022;Unknown
Falling;Harry Styles;1023187129;2019;Columbia Records
Sigue;Ed Sheeran, J Balvin;106933107;1996;Unknown
Fim de Semana no Rio;teto;139193812;2022;Unknown
MANIAC;Stray Kids;212234990;2022;Unknown
There's Nothing Holdin' Me Back;Shawn Mendes;1714490998;2016;Unknown
IDGAF (with blackbear);Blackbear, BoyWithUke;197643795;2022;Unknown
Golden;Harry Styles;807015863;2019;Columbia Records
Get Lucky - Radio Edit;Pharrell Williams, Nile Rodgers, Daft Punk;933815613;2013;Unknown
Ain't Shit;Doja Cat;499710590;2021;Unknown
"Nobody Like U - From ""Turning Red""";Jordan Fisher, Josh Levi, Finneas O'Connell, 4*TOWN (From Disney and Pixarï¿½ï¿½ï¿½s Turning Red), Topher Ngo, Grayson Vill;120847157;2022;Unknown
Still Life;BIGBANG;53909146;2022;Unknown
Photograph;Ed Sheeran;2236667932;2014;Atlantic Records
Love Yourself;Justin Bieber;2123309722;2015;Def Jam Recordings
N95;Kendrick Lamar;301242089;2022;Unknown
About Damn Time;Lizzo;723894473;2022;Unknown
Die Hard;Kendrick Lamar, Blxst, Amanda Reifer;237351106;2022;Unknown
Despuï¿½ï¿½s de la P;Bad Bunny;461558540;2022;Rimas Entertainment
Un Ratito;Bad Bunny;417230415;2022;Rimas Entertainment
United In Grief;Kendrick Lamar;156898322;2022;Unknown
Father Time (feat. Sampha);Kendrick Lamar, Sampha;127309180;2022;Unknown
Yo No Soy Celoso;Bad Bunny;313113297;2022;Rimas Entertainment
Rich Spirit;Kendrick Lamar;173702135;2022;Unknown
Cooped Up (with Roddy Ricch);Post Malone, Roddy Ricch;271666301;2022;Unknown
Me Fui de Vacaciones;Bad Bunny;305650299;2022;Rimas Entertainment
Silent Hill;Kendrick Lamar, Kodak Black;123216717;2022;Unknown
La Corriente;Tony Dize, Bad Bunny;479655659;2022;Unknown
Count Me Out;Kendrick Lamar;126191104;2022;Unknown
Andrea;Buscabulla, Bad Bunny;344055883;2022;Unknown
Dos Mil 16;Bad Bunny;338422004;2022;Rimas Entertainment
We Cry Together;Kendrick Lamar, Taylour Paige;68895644;2022;Unknown
Savior;Kendrick Lamar, Sam Dew, Baby Keem;86176890;2022;Unknown
Un Coco;Bad Bunny;403231558;2022;Rimas Entertainment
Otro Atardecer;Bad Bunny, The Marï¿½ï;319546754;2022;Unknown
Worldwide Steppers;Kendrick Lamar;61739839;2022;Unknown
Aguacero;Bad Bunny;283359161;2022;Rimas Entertainment
Purple Hearts;Kendrick Lamar, Ghostface Killah, Summer Walker;76831876;2022;Unknown
Un Verano Sin Ti;Bad Bunny;283332261;2022;Rimas Entertainment
ULTRA SOLO;Polima WestCoast, Pailita;307752576;2022;Unknown
Ensï¿½ï¿½ï¿½ï¿½ame;Bad Bunny;279737940;2022;Rimas Entertainment
El Apagï¿½;Bad Bunny;212351890;2022;Rimas Entertainment
Callaita;Bad Bunny, Tainy;1304313953;2019;Unknown
Dua Lipa;Jack Harlow;150500965;2022;Unknown
Agosto;Bad Bunny;246127838;2022;Rimas Entertainment
House Of Memories;Panic! At The Disco;582863434;2016;Unknown
Mr. Morale;Kendrick Lamar, Tanna Leone;58687425;2022;Unknown
That That (prod. & feat. SUGA of BTS);PSY, Suga;212109195;2022;Unknown
In The Stars;Benson Boone;382199619;2022;Unknown
Rich - Interlude;Kendrick Lamar;41210087;2022;Unknown
SUPERMODEL;Mï¿½ï¿½ne;231657891;2022;Unknown
Stefania (Kalush Orchestra);KALUSH;53729194;2022;Unknown
Thousand Miles;The Kid Laroi;244741137;2022;Unknown
Crown;Kendrick Lamar;42485571;2022;Unknown
Auntie Diaries;Kendrick Lamar;37778188;2022;Unknown
PUFFIN ON ZOOTIEZ;Future;254218729;2022;Unknown
Mirror;Kendrick Lamar;53603447;2022;Unknown
Beautiful Girl;Luciano;160035717;2022;Unknown
Paulo Londra: Bzrp Music Sessions, Vol. 23;Bizarrap, Paulo Londra;164163229;2022;Unknown
Savior - Interlude;Kendrick Lamar;37091576;2022;Unknown
Pasoori;Shae Gill, Ali Sethi;284249832;2022;Unknown
Mother I Sober (feat. Beth Gibbons of Portishead);Kendrick Lamar, Beth Gibbons;33381454;2022;Unknown
TUS Lï¿½ï¿½GR;Sech, Mora;184622518;2022;Unknown
Where Did You Go?;MNEK, Jax Jones;300983101;2022;Unknown
I Tried to Tell Y'all;Ugly Dray, Tesla Jnr;121077868;2022;Unknown
Honest (feat. Don Toliver);Justin Bieber, Don Toliver;106919680;2022;Unknown
ZOOM;Jessi;136996305;2022;Unknown
SloMo;Chanel;65719930;2021;Unknown
FEARLESS;LE SSERAFIM;229497852;2022;Unknown
10 Things I Hate About You;Leah Kate;185550869;2022;Unknown
SPACE MAN;Sam Ryder;54682594;2022;Unknown
With you;HA SUNG WOON, Jimin;240580042;2022;Unknown
Iris;The Goo Goo Dolls;1284942608;1998;Unknown
The Heart Part 5;Kendrick Lamar;71423324;2022;Unknown
San Lucas;Kevin Kaarl;244891912;2019;Unknown
This Love (Taylorï¿½ï¿½ï¿½s Ve;Taylor Swift;132171975;2022;Universal Music Group
Good Looking;Suki Waterhouse;184706613;2017;Unknown
Flowers;Lauren Spencer Smith;184826429;2021;Unknown
Yet To Come;BTS;302006641;2022;Unknown
Run BTS;BTS;330881149;2022;Unknown
Music For a Sushi Restaurant;Harry Styles;334733572;2022;Columbia Records
Matilda;Harry Styles;366214458;2022;Columbia Records
For Youth;BTS;114546317;2022;Unknown
Daylight;Harry Styles;290833204;2022;Columbia Records
Vegas (From the Original Motion Picture Soundtrack ELVIS);Doja Cat;448500832;2022;Unknown
Cash In Cash Out;Pharrell Williams, Tyler, The Creator, 21 Savage;136676504;2022;Unknown
Potion (with Dua Lipa & Young Thug);Calvin Harris, Dua Lipa, Young Thug;190625045;2022;Unknown
Born Singer;BTS;79095270;2022;Unknown
Little Freak;Harry Styles;273194684;2022;Columbia Records
La Llevo Al Cielo (Ft. ï¿½ï¿½engo F;Nengo Flow, Anuel Aa, Chris Jedi, Chencho Corleone;333146475;2022;Unknown
True Love;Kanye West, XXXTENTACION;194902696;2022;Unknown
Satellite;Harry Styles;311482393;2022;Columbia Records
Pass The Dutchie;Musical Youth;195918494;1982;Unknown
Villano Antillano: Bzrp Music Sessions, Vol. 51;Bizarrap, Villano Antillano;248511839;2022;Unknown
Love Of My Life;Harry Styles;233671263;2022;Columbia Records
Grapejuice;Harry Styles;199587884;2022;Columbia Records
So Good;Halsey;91781263;2022;Unknown
Belly Dancer;BYOR, Imanbek;383835984;2022;Unknown
Keep Driving;Harry Styles;236060709;2022;Columbia Records
Cinema;Harry Styles;189236868;2022;Columbia Records
Die Young (feat. 347aidan);Sleepy hallow, 347aidan;160845341;2022;Unknown
Only Love Can Hurt Like This;Paloma Faith;588955257;2014;Unknown
Hold My Hand;Lady Gaga;238350348;2022;Unknown
Daydreaming;Harry Styles;187703102;2022;Columbia Records
Numb;Marshmello, Khalid;295307001;2022;Unknown
Nos Comemos (feat. Ozuna);Ozuna, Tiago pzk;138334433;2022;Unknown
Me and Your Mama;Childish Gambino;445590495;2016;Unknown
Crazy What Love Can Do;David Guetta, Ella Henderson, Becky Hill;286739476;2022;Unknown
SLOW DANCING IN THE DARK;Joji;1122364376;2018;Unknown
Antes de Perderte;Duki;157136970;2022;Unknown
Boyfriends;Harry Styles;137070925;2022;Columbia Records
295;Sidhu Moose Wala;183273246;2021;Unknown
Tak Ingin Usai;Keisya Levronka;184807630;2022;Unknown
En El Radio Un Cochinero;Victor Cibrian;164856284;2022;Unknown
Master of Puppets (Remastered);Metallica;704171068;1986;Unknown
BREAK MY SOUL;Beyoncï¿;354614964;2022;Unknown
ULTRA SOLO REMIX;De La Ghetto, Feid, Polima WestCoast, Paloma Mami, Pailita;279717388;2022;Unknown
Massive;Drake;195628667;2022;Unknown
Betty (Get Money);Yung Gravy;221752937;2022;Unknown
Ojos Marrones;Lasso;263280370;2022;Unknown
POP!;Nayeon;213505179;2022;Unknown
Layla;Schï¿½ï¿½rze, DJ R;130419412;2022;Unknown
MORE;j-hope;155795783;2022;Unknown
Sweet Child O' Mine;Guns N' Roses;1553497987;1987;Unknown
Last Last;Burna Boy;293466523;2022;Unknown
SNAP;Rosa Linn;711366595;2022;Unknown
Sticky;Drake;191448892;2022;Unknown
Hot Shit (feat. Ye & Lil Durk);Kanye West, Lil Durk, Cardi B;85924992;2022;Unknown
Ai Preto;L7nnon, DJ Biel do Furduncinho, Bianca;176103902;2022;Unknown
La Loto;Anitta, Tini, Becky G;121189256;2022;Unknown
die first;Nessa Barrett;131746175;2022;Unknown
Afraid To Feel;LF System;244790012;2022;Unknown
Baile no Morro;Mc Vitin Da Igrejinha, MC Tairon, DJ Win;129314708;2022;Unknown
cï¿½ï¿½mo dormi;Rels B;331511413;2022;Unknown
Bad Decisions (with BTS & Snoop Dogg);Snoop Dogg, BTS, Benny Blanco;219196651;2022;Unknown
STAYING ALIVE (feat. Drake & Lil Baby);Drake, DJ Khaled, Lil Baby;170732845;2022;Unknown
Caile;Luar La L;273914335;2020;Unknown
Si Te La Encuentras Por Ahï¿;Feid;179061440;2022;Unknown
GIVENCHY;Duki;185236961;2022;Unknown
ALIEN SUPERSTAR;Beyoncï¿;171788484;2022;Unknown
Mary On A Cross;Ghost;387080183;2019;Unknown
Attention;NewJeans;264717480;2022;Unknown
THE SHADE;Rex Orange County;244928911;2022;Unknown
"Come Back Home - From ""Purple Hearts""";Sofia Carson;97610446;2022;Unknown
El Rescate;Grupo Marca Registrada, Junior H;287278853;2022;Unknown
Heartless;Kanye West;887906111;2008;Unknown
Stay With Me (with Justin Timberlake, Halsey, & Pharrell);Calvin Harris, Halsey, Pharrell Williams, Justin Timberlake;123473120;2022;Unknown
Siempre Pendientes;Peso Pluma, Luis R Conriquez;295152154;2022;Unknown
JGL;Luis R Conriquez, La Adictiva;323455692;2022;Unknown
Don't You Worry;David Guetta, Shakira, Black Eyed Peas;240918092;2022;Unknown
Pipoco;Melody, Ana Castela, Dj Chris No Beat;191873381;2022;Unknown
Hold Me Closer;Elton John, Britney Spears;284216603;2017;Unknown
Forget Me;Lewis Capaldi;239411309;2022;Vertigo Berlin
After LIKE;IVE;265548837;2022;Unknown
Bound 2;Kanye West;703301727;2013;Unknown
B.O.T.A. (Baddest Of Them All) - Edit;Interplanetary Criminal, Eliza Rose;244585109;2022;Unknown
Talk that Talk;TWICE;189476119;2022;Unknown
BILLIE EILISH.;Armani White;277132266;2022;Unknown
Ferxxo 100;Feid;278920007;2022;Unknown
KU LO SA - A COLORS SHOW;Oxlade;222410722;2022;Unknown
Prohibidox;Feid;185392587;2022;Unknown
Static;Steve Lacy;202452860;2022;Unknown
The Scientist;Coldplay;1608164312;2002;Unknown
Sparks;Coldplay;624101957;2000;Unknown
Talk;YEAT;148461629;2022;Unknown
XQ Te Pones Asï¿;Yandel, Feid;47093942;2022;Unknown
Selfish;PnB Rock;380319238;2016;Unknown
Sin Seï¿½ï;Ovy On The Drums, Quevedo;209106362;2022;Unknown
Lady Mi Amor;Feid;53987404;2022;Unknown
Poland;Lil Yachty;115331792;2022;Unknown
THE LONELIEST;Mï¿½ï¿½ne;225093344;2022;Unknown
Bye Bye;Marshmello, Juice WRLD;84697729;2022;Unknown
BABY OTAKU;Fran C, Polima WestCoast, Nickoog Clk, Pablito Pesadilla;159240673;2022;Unknown
Nxde;(G)I-DLE;170709584;2022;Unknown
Miss You;Southstar;154356956;1982;Unknown
we fell in love in october;girl in red;723043854;2018;Unknown
2 Be Loved (Am I Ready);Lizzo;247689123;2022;Unknown
Celestial;Ed Sheeran;176474912;2022;Atlantic Records
Typa Girl;BLACKPINK;235549288;2022;Unknown
I Really Want to Stay at Your House;Rosa Walton, Hallie Coggins;140430339;2020;Unknown
California Breeze;Lil Baby;85559365;2022;Unknown
Bamba (feat. Aitch & BIA);Luciano, Aitch, Bï¿½;146223492;2022;Unknown
Casei Com a Putaria;MC Ryan SP, Love Funk, Mc Paiva ZS;187701588;2022;Unknown
Major Distribution;Drake, 21 Savage;154863153;2022;Unknown
Pussy & Millions (feat. Travis Scott);Drake, Travis Scott, 21 Savage;191333656;2022;Unknown
Vigilante Shit;Taylor Swift;253650850;2022;Universal Music Group
Question...?;Taylor Swift;223064273;2022;Universal Music Group
On BS;Drake, 21 Savage;170413877;2022;Unknown
Mastermind;Taylor Swift;218320587;2022;Universal Music Group
Circo Loco;Drake, 21 Savage;141720999;2022;Unknown
Labyrinth;Taylor Swift;187339835;2022;Universal Music Group
Spin Bout U;Drake, 21 Savage;198365537;2022;Unknown
Sweet Nothing;Taylor Swift;186104310;2022;Universal Music Group
Would've, Could've, Should've;Taylor Swift;177503916;2022;Universal Music Group
Con La Brisa;Ludwig Goransson, Foudeqush;71095708;2022;Unknown
Privileged Rappers;Drake, 21 Savage;112436403;2022;Unknown
The Astronaut;Jin;203436468;2022;Unknown
BackOutsideBoyz;Drake;93367537;2022;Unknown
Broke Boys;Drake, 21 Savage;106249219;2022;Unknown
The Great War;Taylor Swift;181382590;2022;Universal Music Group
My Mind & Me;Selena Gomez;91473363;2022;Unknown
Bigger Than The Whole Sky;Taylor Swift;121871870;2022;Universal Music Group
A Veces (feat. Feid);Feid, Paulo Londra;73513683;2022;Unknown
En La De Ella;Feid, Sech, Jhayco;133895612;2022;Unknown
Alone;Burna Boy;96007391;2022;Unknown
